{   
    "Concrete": {
        "C20/25": {
            "f_ck": 20,
            "f_ck_cube": 25,
            "f_cm": 28,
            "f_ctm": 2.21,
            "E_cm": 29962,
            "epsilon_c1": 0.002,
            "epsilon_cu1": 0.0035,
            "epsilon_c2": 0.002,
            "epsilon_cu2": 0.0035,
            "n": 2.0,
            "epsilon_c3":0.00175,
            "epsilon_cu3": 0.0035,
            "rho_min": 0.130,
            "rho_w_min": 0.072
        },
        "C25/30": {
            "f_ck": 25,
            "f_ck_cube": 30,
            "f_cm": 33,
            "f_ctm": 2.56,
            "E_cm": 31476,
            "epsilon_c1": 0.0021,
            "epsilon_cu1": 0.0035,
            "epsilon_c2": 0.002,
            "epsilon_cu2": 0.0035,
            "n": 2.0,
            "epsilon_c3":0.00175,
            "epsilon_cu3": 0.0035,
            "rho_min": 0.133,
            "rho_w_min": 0.08
        },
        "C30/37": {
            "f_ck": 30,
            "f_ck_cube": 37,
            "f_cm": 38,
            "f_ctm": 2.90,
            "E_cm": 32837,
            "epsilon_c1": 0.0022,
            "epsilon_cu1": 0.0035,
            "epsilon_c2": 0.002,
            "epsilon_cu2": 0.0035,
            "n": 2.0,
            "epsilon_c3":0.00175,
            "epsilon_cu3": 0.0035,
            "rho_min": 0.151,
            "rho_w_min": 0.088
        },
        "C35/45": {
            "f_ck": 35,
            "f_ck_cube": 45,
            "f_cm": 43,
            "f_ctm": 3.21,
            "E_cm": 34077,
            "epsilon_c1": 0.00225,
            "epsilon_cu1": 0.0035,
            "epsilon_c2": 0.002,
            "epsilon_cu2": 0.0035,
            "n": 2.0,
            "epsilon_c3":0.00175,
            "epsilon_cu3": 0.0035,
            "rho_min": 0.167,
            "rho_w_min": 0.095
        }
    }
}